time,pm2_5,pm10
2026-08-23 00:00:00,29.6,29.9
2026-08-23 01:00:00,28.3,28.6
2026-08-23 02:00:00,27.6,27.9
2026-08-23 03:00:00,29.3,29.5
2026-08-23 04:00:00,30.9,31.2
2026-08-23 05:00:00,26.0,26.4
2026-08-23 06:00:00,28.6,28.9
2026-08-23 07:00:00,24.0,24.3
2026-08-23 08:00:00,18.4,18.6
2026-08-23 09:00:00,15.1,15.4
2026-08-23 10:00:00,14.1,14.3
2026-08-23 11:00:00,13.0,13.4
2026-08-23 12:00:00,13.2,13.5
2026-08-23 13:00:00,13.9,14.3
2026-08-23 14:00:00,15.8,16.2
2026-08-23 15:00:00,16.4,16.8
2026-08-23 16:00:00,17.5,17.8
2026-08-23 17:00:00,14.4,14.6
2026-08-23 18:00:00,20.0,20.1
2026-08-23 19:00:00,26.1,26.3
2026-08-23 20:00:00,32.0,32.7
2026-08-23 21:00:00,35.3,36.1
2026-08-23 22:00:00,33.6,34.5
2026-08-23 23:00:00,25.1,25.3
2026-08-24 00:00:00,17.3,17.5
2026-08-24 01:00:00,20.1,20.2
2026-08-24 02:00:00,21.9,22.1
2026-08-24 03:00:00,21.0,21.1
2026-08-24 04:00:00,21.8,21.9
2026-08-24 05:00:00,24.9,25.0
2026-08-24 06:00:00,29.5,29.6
2026-08-24 07:00:00,21.2,21.2
2026-08-24 08:00:00,15.0,15.1
2026-08-24 09:00:00,13.2,13.3
2026-08-24 10:00:00,13.5,13.6
2026-08-24 11:00:00,13.0,13.1
2026-08-24 12:00:00,13.4,13.5
2026-08-24 13:00:00,13.4,13.5
2026-08-24 14:00:00,12.6,12.7
2026-08-24 15:00:00,11.2,11.3
2026-08-24 16:00:00,10.7,10.8
2026-08-24 17:00:00,10.8,11.0
2026-08-24 18:00:00,17.3,17.5
2026-08-24 19:00:00,25.1,25.3
2026-08-24 20:00:00,27.0,27.6
2026-08-24 21:00:00,26.5,27.1
2026-08-24 22:00:00,30.6,31.3
2026-08-24 23:00:00,33.3,34.1
2026-08-25 00:00:00,32.2,33.2
2026-08-25 01:00:00,33.5,34.6
2026-08-25 02:00:00,34.6,35.6
2026-08-25 03:00:00,30.4,31.5
2026-08-25 04:00:00,24.5,25.3
2026-08-25 05:00:00,24.6,25.1
2026-08-25 06:00:00,27.2,27.9
2026-08-25 07:00:00,24.0,24.4
2026-08-25 08:00:00,12.9,13.4
2026-08-25 09:00:00,10.2,10.6
2026-08-25 10:00:00,9.2,9.6
2026-08-25 11:00:00,9.3,9.7
2026-08-25 12:00:00,7.6,7.9
2026-08-25 13:00:00,5.6,5.9
2026-08-25 14:00:00,4.9,5.1
2026-08-25 15:00:00,5.2,5.4
2026-08-25 16:00:00,6.4,6.6
2026-08-25 17:00:00,13.0,13.3
2026-08-25 18:00:00,21.1,21.5
2026-08-25 19:00:00,25.1,25.7
2026-08-25 20:00:00,27.0,27.9
2026-08-25 21:00:00,28.9,30.0
2026-08-25 22:00:00,31.4,32.7
2026-08-25 23:00:00,34.1,35.4
2026-08-26 00:00:00,32.8,34.2
2026-08-26 01:00:00,22.2,23.7
2026-08-26 02:00:00,21.1,22.6
2026-08-26 03:00:00,21.1,22.7
2026-08-26 04:00:00,22.5,24.1
2026-08-26 05:00:00,26.5,28.2
2026-08-26 06:00:00,28.7,30.2
2026-08-26 07:00:00,16.8,18.0
2026-08-26 08:00:00,13.3,13.9
2026-08-26 09:00:00,10.4,11.7
2026-08-26 10:00:00,9.2,10.6
2026-08-26 11:00:00,7.9,9.2
2026-08-26 12:00:00,7.5,8.4
2026-08-26 13:00:00,7.8,8.3
2026-08-26 14:00:00,7.8,8.1
2026-08-26 15:00:00,8.3,8.5
2026-08-26 16:00:00,7.1,7.4
2026-08-26 17:00:00,11.0,11.5
2026-08-26 18:00:00,16.9,17.4
2026-08-26 19:00:00,22.4,23.2
2026-08-26 20:00:00,27.1,28.2
2026-08-26 21:00:00,30.6,31.9
2026-08-26 22:00:00,33.1,34.3
2026-08-26 23:00:00,33.1,34.2
2026-08-27 00:00:00,32.2,33.5
2026-08-27 01:00:00,33.1,34.3
2026-08-27 02:00:00,34.2,35.6
2026-08-27 03:00:00,33.2,34.8
2026-08-27 04:00:00,34.2,35.9
2026-08-27 05:00:00,30.7,32.5
2026-08-27 06:00:00,29.1,31.1
2026-08-27 07:00:00,21.8,23.9
2026-08-27 08:00:00,17.6,19.4
2026-08-27 09:00:00,13.7,15.4
2026-08-27 10:00:00,12.3,13.8
2026-08-27 11:00:00,11.4,12.5
2026-08-27 12:00:00,10.8,11.6
2026-08-27 13:00:00,11.1,11.8
2026-08-27 14:00:00,10.7,11.3
2026-08-27 15:00:00,12.9,13.4
2026-08-27 16:00:00,12.6,13.1
2026-08-27 17:00:00,13.9,14.4
2026-08-27 18:00:00,20.5,21.0
2026-08-27 19:00:00,27.7,28.2
2026-08-27 20:00:00,29.9,30.7
2026-08-27 21:00:00,31.1,32.1
2026-08-27 22:00:00,31.9,33.2
2026-08-27 23:00:00,33.2,34.6
2026-08-28 00:00:00,32.9,34.5
2026-08-28 01:00:00,31.8,33.2
2026-08-28 02:00:00,26.5,27.4
2026-08-28 03:00:00,23.3,23.8
2026-08-28 04:00:00,25.8,26.3
2026-08-28 05:00:00,29.9,31.0
2026-08-28 06:00:00,33.6,34.7
2026-08-28 07:00:00,22.9,23.4
2026-08-28 08:00:00,15.1,15.5
2026-08-28 09:00:00,13.7,14.2
2026-08-28 10:00:00,13.1,13.6
2026-08-28 11:00:00,12.2,12.8
2026-08-28 12:00:00,11.9,12.5
2026-08-28 13:00:00,12.8,13.4
2026-08-28 14:00:00,14.0,14.5
2026-08-28 15:00:00,14.4,14.8
2026-08-28 16:00:00,15.9,16.2
2026-08-28 17:00:00,13.5,13.7
2026-08-28 18:00:00,12.4,12.5
2026-08-28 19:00:00,20.4,20.6
2026-08-28 20:00:00,21.0,21.2
2026-08-28 21:00:00,26.3,26.4
2026-08-28 22:00:00,30.3,30.6
2026-08-28 23:00:00,33.9,34.8
2026-08-29 00:00:00,32.4,33.1
2026-08-29 01:00:00,23.6,23.8
2026-08-29 02:00:00,21.5,21.8
2026-08-29 03:00:00,10.4,10.5
2026-08-29 04:00:00,9.5,9.5
2026-08-29 05:00:00,13.6,13.8
2026-08-29 06:00:00,15.2,15.4
2026-08-29 07:00:00,13.8,13.9
2026-08-29 08:00:00,9.7,9.7
2026-08-29 09:00:00,8.9,9.1
2026-08-29 10:00:00,9.4,9.7
2026-08-29 11:00:00,10.4,10.7
2026-08-29 12:00:00,11.8,12.0
2026-08-29 13:00:00,12.0,12.3
2026-08-29 14:00:00,12.4,12.7
2026-08-29 15:00:00,13.6,13.8
2026-08-29 16:00:00,14.2,14.4
2026-08-29 17:00:00,7.2,7.2
2026-08-29 18:00:00,15.5,15.8
2026-08-29 19:00:00,23.6,24.1
2026-08-29 20:00:00,26.3,26.9
2026-08-29 21:00:00,28.8,29.5
2026-08-29 22:00:00,27.4,28.0
2026-08-29 23:00:00,26.7,27.4
2026-08-30 00:00:00,24.3,25.1
2026-08-30 01:00:00,20.0,20.7
2026-08-30 02:00:00,19.4,20.0
2026-08-30 03:00:00,21.4,21.9
2026-08-30 04:00:00,24.0,24.7
2026-08-30 05:00:00,27.3,28.0
2026-08-30 06:00:00,31.4,32.2
2026-08-30 07:00:00,23.0,23.4
2026-08-30 08:00:00,13.6,13.7
2026-08-30 09:00:00,10.9,11.0
2026-08-30 10:00:00,10.4,10.5
2026-08-30 11:00:00,9.8,9.9
2026-08-30 12:00:00,9.6,9.6
2026-08-30 13:00:00,11.6,11.6
2026-08-30 14:00:00,12.0,12.0
2026-08-30 15:00:00,15.0,15.0
2026-08-30 16:00:00,14.8,14.8
2026-08-30 17:00:00,7.4,7.4
2026-08-30 18:00:00,14.8,14.8
2026-08-30 19:00:00,23.5,24.1
2026-08-30 20:00:00,31.5,32.1
2026-08-30 21:00:00,36.0,36.7
2026-08-30 22:00:00,37.5,38.2
2026-08-30 23:00:00,38.4,39.2
2026-08-31 00:00:00,38.3,39.2
2026-08-31 01:00:00,34.0,34.9
2026-08-31 02:00:00,34.2,35.2
2026-08-31 03:00:00,33.4,34.5
2026-08-31 04:00:00,32.9,34.0
2026-08-31 05:00:00,27.8,28.5
2026-08-31 06:00:00,35.7,36.6
2026-08-31 07:00:00,27.4,27.8
2026-08-31 08:00:00,14.3,14.3
2026-08-31 09:00:00,12.9,13.0
2026-08-31 10:00:00,12.4,12.5
2026-08-31 11:00:00,11.5,11.7
2026-08-31 12:00:00,10.5,10.7
2026-08-31 13:00:00,9.8,10.0
2026-08-31 14:00:00,11.2,11.3
2026-08-31 15:00:00,9.7,9.8
2026-08-31 16:00:00,10.0,10.1
2026-08-31 17:00:00,6.7,6.7
2026-08-31 18:00:00,11.6,11.6
2026-08-31 19:00:00,17.3,17.3
2026-08-31 20:00:00,20.1,20.6
2026-08-31 21:00:00,24.4,25.0
2026-08-31 22:00:00,30.2,30.7
2026-08-31 23:00:00,32.4,33.2
2026-09-01 00:00:00,26.1,26.9
2026-09-01 01:00:00,24.2,25.0
2026-09-01 02:00:00,20.8,21.4
2026-09-01 03:00:00,17.9,18.2
2026-09-01 04:00:00,19.0,19.4
2026-09-01 05:00:00,7.6,7.7
2026-09-01 06:00:00,13.9,14.3
2026-09-01 07:00:00,8.8,8.8
2026-09-01 08:00:00,6.1,6.2
2026-09-01 09:00:00,4.7,4.8
2026-09-01 10:00:00,4.3,4.5
2026-09-01 11:00:00,4.0,4.1
2026-09-01 12:00:00,3.4,3.5
2026-09-01 13:00:00,4.0,4.1
2026-09-01 14:00:00,4.8,4.8
2026-09-01 15:00:00,7.2,7.2
2026-09-01 16:00:00,6.1,6.1
2026-09-01 17:00:00,16.1,16.6
2026-09-01 18:00:00,23.3,23.6
2026-09-01 19:00:00,25.6,25.9
2026-09-01 20:00:00,26.0,26.4
2026-09-01 21:00:00,24.6,25.0
2026-09-01 22:00:00,21.7,22.2
2026-09-01 23:00:00,18.3,18.7
2026-09-02 00:00:00,17.7,18.1
2026-09-02 01:00:00,19.4,19.8
2026-09-02 02:00:00,20.9,21.3
2026-09-02 03:00:00,20.7,21.2
2026-09-02 04:00:00,22.2,22.7
2026-09-02 05:00:00,22.6,23.1
2026-09-02 06:00:00,22.7,23.2
2026-09-02 07:00:00,18.6,19.1
2026-09-02 08:00:00,15.4,15.7
2026-09-02 09:00:00,14.3,14.6
2026-09-02 10:00:00,10.8,11.0
2026-09-02 11:00:00,9.1,9.3
2026-09-02 12:00:00,8.7,8.9
2026-09-02 13:00:00,8.1,8.4
2026-09-02 14:00:00,6.0,6.3
2026-09-02 15:00:00,7.2,7.5
2026-09-02 16:00:00,7.4,7.7
2026-09-02 17:00:00,9.7,10.2
2026-09-02 18:00:00,15.9,16.4
2026-09-02 19:00:00,20.7,21.5
2026-09-02 20:00:00,21.2,22.2
2026-09-02 21:00:00,23.0,24.1
2026-09-02 22:00:00,24.9,26.2
2026-09-02 23:00:00,23.3,24.7
2026-09-03 00:00:00,22.9,24.5
2026-09-03 01:00:00,22.5,24.2
2026-09-03 02:00:00,20.7,22.3
2026-09-03 03:00:00,19.8,21.5
2026-09-03 04:00:00,20.3,21.8
2026-09-03 05:00:00,9.1,10.0
2026-09-03 06:00:00,9.3,10.1
2026-09-03 07:00:00,7.6,8.4
2026-09-03 08:00:00,7.2,8.0
2026-09-03 09:00:00,7.3,8.1
2026-09-03 10:00:00,7.0,7.9
2026-09-03 11:00:00,6.5,7.3
2026-09-03 12:00:00,7.2,7.8
2026-09-03 13:00:00,7.1,7.7
2026-09-03 14:00:00,6.7,7.3
2026-09-03 15:00:00,6.0,6.6
2026-09-03 16:00:00,6.1,6.6
2026-09-03 17:00:00,14.0,15.4
2026-09-03 18:00:00,21.2,22.4
2026-09-03 19:00:00,30.7,31.9
2026-09-03 20:00:00,34.3,36.0
2026-09-03 21:00:00,37.3,39.2
2026-09-03 22:00:00,39.0,41.1
2026-09-03 23:00:00,38.9,41.1
2026-09-04 00:00:00,40.5,42.8
2026-09-04 01:00:00,43.4,45.6
2026-09-04 02:00:00,42.3,44.6
2026-09-04 03:00:00,39.5,41.9
2026-09-04 04:00:00,39.2,41.6
2026-09-04 05:00:00,40.4,42.7
2026-09-04 06:00:00,42.7,44.1
2026-09-04 07:00:00,23.7,24.6
2026-09-04 08:00:00,15.4,16.1
2026-09-04 09:00:00,12.1,12.7
2026-09-04 10:00:00,13.6,14.3
2026-09-04 11:00:00,9.3,9.7
2026-09-04 12:00:00,8.6,8.9
2026-09-04 13:00:00,8.8,9.0
2026-09-04 14:00:00,9.4,9.5
2026-09-04 15:00:00,8.9,9.1
2026-09-04 16:00:00,9.6,9.7
2026-09-04 17:00:00,11.2,11.2
2026-09-04 18:00:00,16.1,16.2
2026-09-04 19:00:00,22.1,22.3
2026-09-04 20:00:00,26.8,27.4
2026-09-04 21:00:00,33.2,33.9
2026-09-04 22:00:00,37.1,38.0
2026-09-04 23:00:00,33.9,34.7
2026-09-05 00:00:00,33.9,34.7
2026-09-05 01:00:00,35.6,36.6
2026-09-05 02:00:00,34.5,35.5
2026-09-05 03:00:00,31.3,31.4
2026-09-05 04:00:00,26.6,26.7
2026-09-05 05:00:00,11.7,11.8
2026-09-05 06:00:00,13.5,13.6
2026-09-05 07:00:00,9.5,9.7
2026-09-05 08:00:00,8.5,8.7
2026-09-05 09:00:00,8.9,9.3
2026-09-05 10:00:00,8.6,9.1
2026-09-05 11:00:00,9.8,10.2
2026-09-05 12:00:00,10.2,10.7
2026-09-05 13:00:00,10.8,11.2
2026-09-05 14:00:00,10.7,11.1
2026-09-05 15:00:00,10.7,11.1
2026-09-05 16:00:00,12.4,12.7
2026-09-05 17:00:00,12.1,12.5
2026-09-05 18:00:00,19.6,19.8
2026-09-05 19:00:00,24.3,24.6
2026-09-05 20:00:00,23.0,23.3
2026-09-05 21:00:00,26.7,27.0
2026-09-05 22:00:00,24.9,25.2
2026-09-05 23:00:00,19.6,20.0
2026-09-06 00:00:00,17.3,17.7
2026-09-06 01:00:00,17.8,18.2
2026-09-06 02:00:00,18.4,18.8
2026-09-06 03:00:00,16.3,16.6
2026-09-06 04:00:00,13.1,13.4
2026-09-06 05:00:00,16.8,17.1
2026-09-06 06:00:00,14.6,14.9
2026-09-06 07:00:00,12.0,12.3
2026-09-06 08:00:00,11.8,12.1
2026-09-06 09:00:00,9.5,9.8
2026-09-06 10:00:00,9.9,10.3
2026-09-06 11:00:00,10.6,11.1
2026-09-06 12:00:00,13.0,13.6
2026-09-06 13:00:00,15.0,15.5
2026-09-06 14:00:00,14.1,14.6
2026-09-06 15:00:00,14.3,14.7
2026-09-06 16:00:00,13.1,13.5
2026-09-06 17:00:00,25.0,26.1
2026-09-06 18:00:00,32.0,33.1
2026-09-06 19:00:00,32.7,33.6
2026-09-06 20:00:00,35.7,36.7
2026-09-06 21:00:00,40.3,41.2
2026-09-06 22:00:00,44.7,45.8
2026-09-06 23:00:00,46.4,47.5
2026-09-07 00:00:00,40.7,41.8
2026-09-07 01:00:00,32.9,34.1
2026-09-07 02:00:00,31.2,32.4
2026-09-07 03:00:00,31.3,32.5
2026-09-07 04:00:00,31.9,33.1
2026-09-07 05:00:00,36.1,37.1
2026-09-07 06:00:00,33.9,35.0
2026-09-07 07:00:00,27.3,28.2
2026-09-07 08:00:00,20.2,21.0
2026-09-07 09:00:00,19.2,20.0
2026-09-07 10:00:00,20.5,21.5
2026-09-07 11:00:00,19.0,19.8
2026-09-07 12:00:00,17.6,18.3
2026-09-07 13:00:00,19.3,19.9
2026-09-07 14:00:00,18.8,19.6
2026-09-07 15:00:00,18.5,19.2
2026-09-07 16:00:00,16.4,16.9
2026-09-07 17:00:00,15.9,16.4
2026-09-07 18:00:00,22.6,23.2
2026-09-07 19:00:00,26.0,26.5
2026-09-07 20:00:00,25.8,26.4
2026-09-07 21:00:00,24.7,25.3
2026-09-07 22:00:00,27.2,27.8
2026-09-07 23:00:00,29.2,29.7
2026-09-08 00:00:00,25.0,25.6
2026-09-08 01:00:00,23.0,23.6
2026-09-08 02:00:00,23.6,24.1
2026-09-08 03:00:00,21.2,21.7
2026-09-08 04:00:00,20.8,21.4
2026-09-08 05:00:00,20.7,21.3
2026-09-08 06:00:00,23.9,24.5
2026-09-08 07:00:00,21.1,21.7
2026-09-08 08:00:00,18.9,19.6
2026-09-08 09:00:00,17.5,18.3
2026-09-08 10:00:00,17.1,18.0
2026-09-08 11:00:00,17.5,18.6
2026-09-08 12:00:00,17.0,18.0
2026-09-08 13:00:00,16.8,17.8
2026-09-08 14:00:00,17.1,17.9
2026-09-08 15:00:00,17.0,17.8
2026-09-08 16:00:00,18.6,19.3
2026-09-08 17:00:00,13.0,13.3
2026-09-08 18:00:00,20.8,21.2
2026-09-08 19:00:00,28.1,28.4
2026-09-08 20:00:00,32.8,33.2
2026-09-08 21:00:00,31.4,31.8
2026-09-08 22:00:00,31.4,31.8
2026-09-08 23:00:00,32.6,33.1
2026-09-09 00:00:00,33.8,34.1
2026-09-09 01:00:00,28.8,29.2
2026-09-09 02:00:00,26.5,26.9
2026-09-09 03:00:00,26.7,27.1
2026-09-09 04:00:00,27.5,27.8
2026-09-09 05:00:00,31.4,31.9
2026-09-09 06:00:00,39.9,40.3
2026-09-09 07:00:00,28.5,28.9
2026-09-09 08:00:00,24.0,24.3
2026-09-09 09:00:00,21.6,21.8
2026-09-09 10:00:00,19.2,19.4
2026-09-09 11:00:00,18.5,18.6
2026-09-09 12:00:00,15.5,15.7
2026-09-09 13:00:00,13.4,13.5
2026-09-09 14:00:00,11.8,12.0
2026-09-09 15:00:00,12.7,12.9
2026-09-09 16:00:00,13.8,14.0
2026-09-09 17:00:00,13.8,13.9
2026-09-09 18:00:00,21.9,21.9
2026-09-09 19:00:00,31.7,31.8
2026-09-09 20:00:00,41.2,41.3
2026-09-09 21:00:00,47.8,48.1
2026-09-09 22:00:00,52.0,52.5
2026-09-09 23:00:00,52.4,53.1
2026-09-10 00:00:00,48.5,49.1
2026-09-10 01:00:00,44.0,44.1
2026-09-10 02:00:00,42.4,42.6
2026-09-10 03:00:00,41.6,41.8
2026-09-10 04:00:00,39.2,39.5
2026-09-10 05:00:00,50.1,50.4
2026-09-10 06:00:00,55.6,56.0
2026-09-10 07:00:00,33.6,33.9
2026-09-10 08:00:00,19.9,20.0
2026-09-10 09:00:00,14.8,15.0
2026-09-10 10:00:00,14.6,14.9
2026-09-10 11:00:00,15.2,15.8
2026-09-10 12:00:00,15.1,15.7
2026-09-10 13:00:00,15.4,16.0
2026-09-10 14:00:00,17.6,18.1
2026-09-10 15:00:00,18.9,19.4
2026-09-10 16:00:00,19.2,19.6
2026-09-10 17:00:00,16.9,17.2
2026-09-10 18:00:00,29.2,29.5
2026-09-10 19:00:00,38.2,38.5
2026-09-10 20:00:00,44.8,45.2
2026-09-10 21:00:00,49.7,50.1
2026-09-10 22:00:00,47.3,47.5
2026-09-10 23:00:00,40.6,40.9
2026-09-11 00:00:00,30.7,31.0
2026-09-11 01:00:00,29.3,29.6
2026-09-11 02:00:00,30.4,30.6
2026-09-11 03:00:00,32.6,32.8
2026-09-11 04:00:00,35.2,35.4
2026-09-11 05:00:00,26.5,27.2
2026-09-11 06:00:00,33.2,34.3
2026-09-11 07:00:00,21.7,22.2
2026-09-11 08:00:00,10.7,10.7
2026-09-11 09:00:00,6.6,6.6
2026-09-11 10:00:00,5.2,5.2
2026-09-11 11:00:00,4.8,4.8
2026-09-11 12:00:00,4.7,4.7
2026-09-11 13:00:00,4.7,4.7
2026-09-11 14:00:00,4.8,4.8
2026-09-11 15:00:00,4.7,4.7
2026-09-11 16:00:00,5.5,5.5
2026-09-11 17:00:00,13.0,13.2
2026-09-11 18:00:00,22.7,22.8
2026-09-11 19:00:00,24.5,24.6
2026-09-11 20:00:00,23.3,23.5
2026-09-11 21:00:00,27.2,27.3
2026-09-11 22:00:00,29.7,29.8
2026-09-11 23:00:00,30.2,30.4
2026-09-12 00:00:00,30.9,31.1
2026-09-12 01:00:00,31.9,32.2
2026-09-12 02:00:00,31.7,32.0
2026-09-12 03:00:00,31.1,31.3
2026-09-12 04:00:00,31.4,31.8
2026-09-12 05:00:00,33.9,34.2
2026-09-12 06:00:00,39.3,39.7
2026-09-12 07:00:00,18.7,18.8
2026-09-12 08:00:00,11.4,11.4
2026-09-12 09:00:00,9.1,9.1
2026-09-12 10:00:00,8.1,8.2
2026-09-12 11:00:00,7.7,7.7
2026-09-12 12:00:00,7.3,7.3
2026-09-12 13:00:00,6.7,6.8
2026-09-12 14:00:00,6.8,6.8
2026-09-12 15:00:00,8.0,8.1
2026-09-12 16:00:00,9.3,9.4
2026-09-12 17:00:00,11.3,11.5
2026-09-12 18:00:00,20.4,20.5
2026-09-12 19:00:00,26.7,26.7
2026-09-12 20:00:00,22.1,22.2
2026-09-12 21:00:00,17.1,17.2
2026-09-12 22:00:00,17.7,17.8
2026-09-12 23:00:00,18.7,18.8
2026-09-13 00:00:00,20.5,20.6
2026-09-13 01:00:00,22.2,22.4
2026-09-13 02:00:00,23.3,23.4
2026-09-13 03:00:00,24.6,24.7
2026-09-13 04:00:00,26.1,26.3
2026-09-13 05:00:00,23.7,23.7
2026-09-13 06:00:00,24.6,24.7
2026-09-13 07:00:00,19.5,19.7
2026-09-13 08:00:00,15.7,16.1
2026-09-13 09:00:00,11.9,12.3
2026-09-13 10:00:00,8.6,9.0
2026-09-13 11:00:00,7.0,7.5
2026-09-13 12:00:00,6.6,7.2
2026-09-13 13:00:00,6.4,7.1
2026-09-13 14:00:00,8.2,8.8
2026-09-13 15:00:00,10.0,10.7
2026-09-13 16:00:00,10.5,11.2
2026-09-13 17:00:00,10.4,11.1
2026-09-13 18:00:00,15.9,16.6
2026-09-13 19:00:00,22.0,22.6
2026-09-13 20:00:00,26.5,27.2
2026-09-13 21:00:00,27.2,27.9
2026-09-13 22:00:00,24.8,25.5
2026-09-13 23:00:00,25.1,25.8
2026-09-14 00:00:00,25.7,26.4
2026-09-14 01:00:00,26.3,27.0
2026-09-14 02:00:00,26.3,27.0
2026-09-14 03:00:00,27.0,27.7
2026-09-14 04:00:00,27.0,27.7
2026-09-14 05:00:00,21.2,21.9
2026-09-14 06:00:00,25.4,26.1
2026-09-14 07:00:00,19.7,20.3
2026-09-14 08:00:00,14.6,15.3
2026-09-14 09:00:00,13.0,13.7
2026-09-14 10:00:00,13.6,14.6
2026-09-14 11:00:00,12.1,13.0
2026-09-14 12:00:00,12.6,13.4
2026-09-14 13:00:00,12.6,13.4
2026-09-14 14:00:00,13.0,13.6
2026-09-14 15:00:00,13.2,13.7
2026-09-14 16:00:00,15.0,15.5
2026-09-14 17:00:00,16.7,17.3
2026-09-14 18:00:00,12.8,13.2
2026-09-14 19:00:00,21.1,21.5
2026-09-14 20:00:00,30.7,31.2
2026-09-14 21:00:00,38.6,39.3
2026-09-14 22:00:00,45.1,45.9
2026-09-14 23:00:00,46.8,47.6
2026-09-15 00:00:00,48.9,49.7
2026-09-15 01:00:00,50.2,50.9
2026-09-15 02:00:00,48.5,49.1
2026-09-15 03:00:00,46.4,47.0
2026-09-15 04:00:00,46.1,46.7
2026-09-15 05:00:00,48.1,48.8
2026-09-15 06:00:00,49.7,50.4
2026-09-15 07:00:00,28.3,28.9
2026-09-15 08:00:00,21.1,21.7
2026-09-15 09:00:00,17.9,18.5
2026-09-15 10:00:00,18.7,19.2
2026-09-15 11:00:00,17.8,18.3
2026-09-15 12:00:00,16.3,16.6
2026-09-15 13:00:00,15.3,15.6
2026-09-15 14:00:00,13.6,13.9
2026-09-15 15:00:00,13.9,14.2
2026-09-15 16:00:00,13.6,13.9
2026-09-15 17:00:00,11.1,11.3
2026-09-15 18:00:00,17.7,17.9
2026-09-15 19:00:00,22.6,22.8
2026-09-15 20:00:00,26.7,26.9
2026-09-15 21:00:00,29.0,29.3
2026-09-15 22:00:00,25.9,26.1
2026-09-15 23:00:00,24.2,24.4
2026-09-16 00:00:00,23.3,23.5
2026-09-16 01:00:00,24.4,24.6
2026-09-16 02:00:00,25.0,25.1
2026-09-16 03:00:00,26.0,26.1
2026-09-16 04:00:00,27.0,27.2
2026-09-16 05:00:00,28.8,29.2
2026-09-16 06:00:00,38.2,38.5
2026-09-16 07:00:00,22.8,23.2
2026-09-16 08:00:00,20.0,20.4
2026-09-16 09:00:00,17.1,17.6
2026-09-16 10:00:00,17.1,17.8
2026-09-16 11:00:00,17.8,18.5
2026-09-16 12:00:00,18.2,19.0
2026-09-16 13:00:00,17.8,18.5
2026-09-16 14:00:00,17.7,18.3
2026-09-16 15:00:00,18.0,18.6
2026-09-16 16:00:00,18.2,18.8
2026-09-16 17:00:00,13.9,14.2
2026-09-16 18:00:00,19.5,19.8
2026-09-16 19:00:00,28.1,28.4
2026-09-16 20:00:00,37.7,38.1
2026-09-16 21:00:00,41.9,42.3
2026-09-16 22:00:00,42.8,43.2
2026-09-16 23:00:00,41.6,41.9
2026-09-17 00:00:00,43.5,43.9
2026-09-17 01:00:00,45.2,45.5
2026-09-17 02:00:00,45.9,46.2
2026-09-17 03:00:00,48.1,48.4
2026-09-17 04:00:00,39.6,39.8
2026-09-17 05:00:00,39.8,40.0
2026-09-17 06:00:00,53.0,53.2
2026-09-17 07:00:00,26.5,27.1
2026-09-17 08:00:00,19.6,20.1
2026-09-17 09:00:00,17.6,18.2
2026-09-17 10:00:00,17.0,17.6
2026-09-17 11:00:00,16.4,17.0
2026-09-17 12:00:00,16.5,17.1
2026-09-17 13:00:00,16.6,17.2
2026-09-17 14:00:00,17.1,17.7
2026-09-17 15:00:00,18.6,19.1
2026-09-17 16:00:00,19.7,20.3
2026-09-17 17:00:00,28.2,28.9
2026-09-17 18:00:00,35.9,36.7
2026-09-17 19:00:00,45.9,46.7
2026-09-17 20:00:00,52.9,53.7
2026-09-17 21:00:00,50.4,51.3
2026-09-17 22:00:00,45.9,46.8
2026-09-17 23:00:00,46.3,47.3
2026-09-18 00:00:00,48.0,48.8
2026-09-18 01:00:00,49.6,50.4
2026-09-18 02:00:00,51.1,51.9
2026-09-18 03:00:00,52.3,53.1
2026-09-18 04:00:00,52.4,53.2
2026-09-18 05:00:00,35.7,36.7
2026-09-18 06:00:00,29.7,30.4
2026-09-18 07:00:00,24.2,25.0
2026-09-18 08:00:00,15.1,15.8
2026-09-18 09:00:00,14.0,14.6
2026-09-18 10:00:00,13.4,14.1
2026-09-18 11:00:00,13.0,13.7
2026-09-18 12:00:00,14.3,15.0
2026-09-18 13:00:00,15.5,16.1
2026-09-18 14:00:00,16.0,16.6
2026-09-18 15:00:00,14.7,15.2
2026-09-18 16:00:00,10.6,11.0
2026-09-18 17:00:00,24.2,25.2
2026-09-18 18:00:00,26.5,27.4
2026-09-18 19:00:00,35.6,36.4
2026-09-18 20:00:00,46.8,47.7
2026-09-18 21:00:00,57.2,58.1
2026-09-18 22:00:00,54.2,55.3
2026-09-18 23:00:00,51.8,53.0
2026-09-19 00:00:00,47.8,48.9
2026-09-19 01:00:00,33.8,34.8
2026-09-19 02:00:00,25.3,26.2
2026-09-19 03:00:00,20.9,21.6
2026-09-19 04:00:00,20.0,20.6
2026-09-19 05:00:00,22.2,22.9
2026-09-19 06:00:00,24.2,24.9
2026-09-19 07:00:00,17.6,18.1
2026-09-19 08:00:00,14.1,14.4
2026-09-19 09:00:00,12.2,12.5
2026-09-19 10:00:00,11.5,11.7
2026-09-19 11:00:00,11.7,12.1
2026-09-19 12:00:00,11.8,12.4
2026-09-19 13:00:00,12.8,13.6
2026-09-19 14:00:00,14.8,15.7
2026-09-19 15:00:00,14.9,15.8
2026-09-19 16:00:00,15.0,15.8
2026-09-19 17:00:00,18.5,19.0
2026-09-19 18:00:00,29.0,29.6
2026-09-19 19:00:00,36.8,37.3
2026-09-19 20:00:00,41.4,41.9
2026-09-19 21:00:00,44.8,45.4
2026-09-19 22:00:00,46.8,47.3
2026-09-19 23:00:00,46.7,47.1
2026-09-20 00:00:00,46.1,46.6
2026-09-20 01:00:00,45.3,45.8
2026-09-20 02:00:00,44.0,44.4
2026-09-20 03:00:00,42.7,43.1
2026-09-20 04:00:00,41.6,41.9
2026-09-20 05:00:00,48.4,48.8
2026-09-20 06:00:00,52.5,53.0
2026-09-20 07:00:00,39.7,40.2
2026-09-20 08:00:00,25.6,26.1
2026-09-20 09:00:00,19.7,20.0
2026-09-20 10:00:00,16.2,16.4
2026-09-20 11:00:00,14.1,14.3
2026-09-20 12:00:00,12.9,13.0
2026-09-20 13:00:00,11.9,12.0
2026-09-20 14:00:00,11.2,11.3
2026-09-20 15:00:00,12.7,12.8
2026-09-20 16:00:00,15.1,15.1
2026-09-20 17:00:00,22.8,22.9
2026-09-20 18:00:00,30.9,31.0
2026-09-20 19:00:00,33.9,34.0
2026-09-20 20:00:00,35.5,35.6
2026-09-20 21:00:00,39.0,39.1
2026-09-20 22:00:00,43.9,44.0
2026-09-20 23:00:00,47.5,47.6
2026-09-21 00:00:00,49.6,49.7
2026-09-21 01:00:00,50.4,50.5
2026-09-21 02:00:00,50.2,50.3
2026-09-21 03:00:00,49.2,49.4
2026-09-21 04:00:00,48.3,48.4
2026-09-21 05:00:00,17.8,18.5
2026-09-21 06:00:00,24.5,25.6
2026-09-21 07:00:00,8.0,8.3
2026-09-21 08:00:00,5.0,5.0
2026-09-21 09:00:00,5.0,5.0
2026-09-21 10:00:00,5.2,5.2
2026-09-21 11:00:00,5.3,5.3
2026-09-21 12:00:00,5.5,5.5
2026-09-21 13:00:00,5.8,5.9
2026-09-21 14:00:00,6.8,6.8
2026-09-21 15:00:00,7.1,7.1
2026-09-21 16:00:00,8.5,8.5
2026-09-21 17:00:00,8.6,8.6
2026-09-21 18:00:00,17.3,17.3
2026-09-21 19:00:00,26.6,26.8
2026-09-21 20:00:00,34.1,35.0
2026-09-21 21:00:00,40.3,41.2
2026-09-21 22:00:00,44.2,45.3
2026-09-21 23:00:00,44.6,45.6
